SPY,
IVV,
VTI,
VOO,
QQQ,
VEA,
IEFA,
AGG,
VTV,
BND,
VWO,
IEMG,
IJR,
IWM,
IJH,
EFA,
GLD,
IWD,
VXUS,
XLK,
VNQ,
VCIT,
BNDX,
ITOT,
XLF,
VCSH,
BSV,
IVW,
LQD,
TIP,
VEU,
SCHX,
XLV,
IXUS,
IWR,
RSP,
SCHD,
EEM,
DIA,
IAU,
USMV,
SCHF,
XLE,
MBB,
VT,
MUB,
SCHB,
IGSB,
XLY,
SCHP,
VGK,
DGRO,
PFF,
ARKK,
HYG,
EMB,
SHY,
XLI,
JPST,
SCHA,
SCHG,
ACWI,
IUSB,
GOVT,
EFV,
IEF,
TLT,
SPYG,
XLC,
DFAC,
GDX,
VTEB,
VGSH,
SLV,
SPLG,
SHV,
SPYV,
BIL,
EWJ,
SPDW,
XLU,
XLP,
IGIB,
IEI,
SCHV,
IBB,
JNK,
VGIT,
SCHO,
SOXX,
KWEB,
XLB,
USHY,
SPLV,
SRLN,
EZU,
FNDX,
SPSB,
BBJP,
XBI,
PGX,
IYR,
VTWO,
EWT,
BKLN,
ARKG,
PDBC,
ICLN,
SMH,
SCHH,
MCHI,
SPAB,
INDA,
IGV,
SPIB,
SPEM,
KRE,
VCLT,
FXI,
QYLD,
GDXJ,
PHYS,
EWY,
EWZ,
SJNK,
XLRE,
SPSM,
SPTL,
GLDM,
EWC,
JEPI,
IQLT,
JETS,
SCHR,
XOP,
PSLV,
KBE,
REET,
EMLC,
KBWB,
SPTI,
EWU,
ITB,
EWG,
USO,
FEZ,
VGLT,
PZA,
SGOL,
ASHR,
XLG,
XHB,
FBND,
PULS,
XME,
EMXC,
USFR,
TLH,
URA,
EWA,
BITO,
ILF,
SIL,
XRT,
MSOS,
FENY,
COWZ,
EWH,
SPLB,
SILJ,
IAUM,
SGOV,
VXX,
SPHY,
UNG,
AAAU,
VIXY,
JAAA,
SPMO,
DYNF,
QQQM,
CGDV,
CGGR,
DFSV,
JEPQ,
TBIL,
SPYI,
IBIT,
TSLY,
NVDY,
BINC,
PYLD,
CONY,
NVD,
TSDD,
TSLR,
NVDQ,
NVDX,
TSLT,
TSLZ,
MRNY,
MAGS,
AIYY,
ARKB,
FBTC,
GBTC,
YMAX,
QQQI,
MSTY,
ULTY,
ETH,
ETHE,
ETHA,
LLYX,
PTIR,
MSTU,
MSTZ,
BAI,
GRNY,
NVOX,
PLTD,
PLTU,
TSLG,